{"train/loss": 4.7767, "train/learning_rate": 0.0, "train/epoch": 15.0, "train/global_step": 1950, "_timestamp": 1679584364.9683828, "_runtime": 2248.2913649082184, "_step": 210, "eval/loss": 6.528878211975098, "eval/accuracy": 0.08217203267659778, "eval/f1": 0.010945442556509399, "eval/precision": 0.012379526177110307, "eval/recall": 0.014498688952725628, "eval/runtime": 16.5832, "eval/samples_per_second": 125.489, "eval/steps_per_second": 7.9, "train/train_runtime": 2245.2166, "train/train_samples_per_second": 55.605, "train/train_steps_per_second": 0.869, "train/total_flos": 9.877063312416707e+18, "train/train_loss": 5.732390766632863, "_wandb": {"runtime": 2249}}