{"train/loss": 0.831, "train/learning_rate": 0.0, "train/epoch": 15.0, "train/global_step": 1950, "_timestamp": 1679442470.1962206, "_runtime": 1009.4240295886993, "_step": 210, "eval/loss": 1.1189031600952148, "eval/accuracy": 0.6266218164344065, "eval/f1": 0.6266218164344065, "eval/precision": 0.6266218164344065, "eval/recall": 0.6266218164344065, "eval/runtime": 12.17, "eval/samples_per_second": 170.994, "eval/steps_per_second": 10.764, "train/train_runtime": 1005.319, "train/train_samples_per_second": 124.184, "train/train_steps_per_second": 1.94, "train/total_flos": 1.2657414789011866e+18, "train/train_loss": 1.2360158824920655, "_wandb": {"runtime": 1008}}