{"train/loss": 2.0255, "train/learning_rate": 4.3304843304843306e-05, "train/epoch": 3.31, "train/global_step": 430, "_timestamp": 1679570358.264101, "_runtime": 652.9252879619598, "_step": 45, "eval/loss": 2.2859272956848145, "eval/accuracy": 0.3498318116290245, "eval/f1": 0.3498318116290245, "eval/precision": 0.3498318116290245, "eval/recall": 0.3498318116290245, "eval/runtime": 19.3529, "eval/samples_per_second": 107.529, "eval/steps_per_second": 6.769}