{"train/loss": 1.829, "train/learning_rate": 0.0, "train/epoch": 15.0, "train/global_step": 1950, "_timestamp": 1679439434.0649014, "_runtime": 1001.9964683055878, "_step": 210, "eval/loss": 2.2598843574523926, "eval/accuracy": 0.3680922633349351, "eval/f1": 0.3680922633349351, "eval/precision": 0.3680922633349351, "eval/recall": 0.3680922633349351, "eval/runtime": 11.821, "eval/samples_per_second": 176.043, "eval/steps_per_second": 11.082, "train/train_runtime": 1000.5165, "train/train_samples_per_second": 124.781, "train/train_steps_per_second": 1.949, "train/total_flos": 1.2640640480651796e+18, "train/train_loss": 2.2106610645392, "_wandb": {"runtime": 1002}}