{"train/loss": 3.5604, "train/learning_rate": 1.153846153846154e-06, "train/epoch": 0.12, "train/global_step": 30, "_timestamp": 1678295611.5499616, "_runtime": 22.733636617660522, "_step": 2}