{"train/loss": 5.8858, "train/learning_rate": 0.0, "train/epoch": 15.0, "train/global_step": 1950, "_timestamp": 1679443506.2079694, "_runtime": 1023.3097484111786, "_step": 210, "eval/loss": 6.904760360717773, "eval/accuracy": 0.0624699663623258, "eval/f1": 0.0624699663623258, "eval/precision": 0.0624699663623258, "eval/recall": 0.0624699663623258, "eval/runtime": 12.227, "eval/samples_per_second": 170.197, "eval/steps_per_second": 10.714, "train/train_runtime": 1019.2737, "train/train_samples_per_second": 122.484, "train/train_steps_per_second": 1.913, "train/total_flos": 1.39559776258517e+18, "train/train_loss": 6.329060091850085, "_wandb": {"runtime": 1022}}