{"train/loss": 2.686, "train/learning_rate": 0.0, "train/epoch": 3.0, "train/global_step": 390, "_timestamp": 1678206822.4708476, "_runtime": 1856.7286477088928, "_step": 42, "eval/loss": 2.7069714069366455, "eval/accuracy": 0.3014423076923077, "eval/runtime": 35.5165, "eval/samples_per_second": 58.564, "eval/steps_per_second": 3.66, "train/train_runtime": 1011.1729, "train/train_samples_per_second": 24.696, "train/train_steps_per_second": 0.386, "train/total_flos": 1.9359471733738537e+18, "train/train_loss": 3.024414174984663}