{"train/loss": 3.5888, "train/learning_rate": 7.692307692307694e-07, "train/epoch": 0.08, "train/global_step": 10, "_timestamp": 1678295501.4361696, "_runtime": 17.861645698547363, "_step": 0}