{"train/loss": 1.8671, "train/learning_rate": 0.0, "train/epoch": 15.0, "train/global_step": 1950, "_timestamp": 1679438162.6966326, "_runtime": 2722.5104637145996, "_step": 210, "eval/loss": 2.2065224647521973, "eval/accuracy": 0.3829889476213359, "eval/f1": 0.3829889476213359, "eval/precision": 0.3829889476213359, "eval/recall": 0.3829889476213359, "eval/runtime": 19.86, "eval/samples_per_second": 104.783, "eval/steps_per_second": 6.596, "train/train_runtime": 2720.5459, "train/train_samples_per_second": 45.89, "train/train_steps_per_second": 0.717, "train/total_flos": 9.679890941138203e+18, "train/train_loss": 2.2769384971031776, "_wandb": {"runtime": 2724}}