{"train/loss": 3.6003, "train/learning_rate": 7.692307692307694e-07, "train/epoch": 0.08, "train/global_step": 10, "_timestamp": 1678227276.1574507, "_runtime": 19299.608432769775, "_step": 701, "eval/loss": 2.4134650230407715, "eval/accuracy": 0.39855769230769234, "eval/runtime": 36.997, "eval/samples_per_second": 56.221, "eval/steps_per_second": 3.514, "train/train_runtime": 19272.8483, "train/train_samples_per_second": 21.595, "train/train_steps_per_second": 0.337, "train/total_flos": 3.22706452166575e+19, "train/train_loss": 1.4504534368515014}