{"train/loss": 3.6312, "train/learning_rate": 7.692307692307694e-07, "train/epoch": 0.08, "train/global_step": 10, "_timestamp": 1678295049.851681, "_runtime": 31.999320030212402, "_step": 0}