{"train/loss": 1.2391, "train/learning_rate": 0.0, "train/epoch": 15.0, "train/global_step": 1950, "_timestamp": 1679575209.3676586, "_runtime": 2424.7034347057343, "_step": 210, "eval/loss": 2.123955011367798, "eval/accuracy": 0.3921191734742912, "eval/f1": 0.11067267519577223, "eval/precision": 0.13640950470910787, "eval/recall": 0.10852346421201196, "eval/runtime": 16.2012, "eval/samples_per_second": 128.447, "eval/steps_per_second": 8.086, "train/train_runtime": 2422.6886, "train/train_samples_per_second": 51.532, "train/train_steps_per_second": 0.805, "train/total_flos": 9.679890941138203e+18, "train/train_loss": 1.735152345315004, "_wandb": {"runtime": 2425}}