{"train/loss": 0.5881, "train/learning_rate": 0.0, "train/epoch": 15.0, "train/global_step": 1950, "_timestamp": 1679582078.0157263, "_runtime": 2242.805436372757, "_step": 210, "eval/loss": 1.1776914596557617, "eval/accuracy": 0.6256607400288323, "eval/f1": 0.052768981508568125, "eval/precision": 0.06709322744864389, "eval/recall": 0.048300375845500766, "eval/runtime": 16.5044, "eval/samples_per_second": 126.088, "eval/steps_per_second": 7.937, "train/train_runtime": 2239.7427, "train/train_samples_per_second": 55.741, "train/train_steps_per_second": 0.871, "train/total_flos": 9.68240545246937e+18, "train/train_loss": 0.9195040499858367, "_wandb": {"runtime": 2243}}