{"train/loss": 0.982, "train/learning_rate": 0.0, "train/epoch": 15.0, "train/global_step": 1950, "_timestamp": 1679579794.9542723, "_runtime": 2247.8408732414246, "_step": 210, "eval/loss": 1.8446953296661377, "eval/accuracy": 0.7481979817395483, "eval/f1": 0.009258634951371587, "eval/precision": 0.009442448424214949, "eval/recall": 0.009439064816367708, "eval/runtime": 16.5198, "eval/samples_per_second": 125.97, "eval/steps_per_second": 7.93, "train/train_runtime": 2244.9293, "train/train_samples_per_second": 55.612, "train/train_steps_per_second": 0.869, "train/total_flos": 9.729314094888751e+18, "train/train_loss": 1.364447204883282, "_wandb": {"runtime": 2248}}