{"train/loss": 4.208, "train/learning_rate": 2.564102564102564e-07, "train/epoch": 0.01, "train/global_step": 1, "_timestamp": 1679434443.5324585, "_runtime": 455.87999844551086, "_step": 1, "eval/loss": 4.181033134460449, "eval/accuracy": 0.0125, "eval/f1": 0.012500000000000002, "eval/precision": 0.0125, "eval/recall": 0.0125, "eval/runtime": 417.0424, "eval/samples_per_second": 4.988, "eval/steps_per_second": 0.312}