{"train/loss": 0.7847, "train/learning_rate": 0.0, "train/epoch": 15.0, "train/global_step": 1950, "_timestamp": 1679440437.339239, "_runtime": 991.3876869678497, "_step": 210, "eval/loss": 1.0982977151870728, "eval/accuracy": 0.6559346468044209, "eval/f1": 0.6559346468044209, "eval/precision": 0.6559346468044209, "eval/recall": 0.6559346468044209, "eval/runtime": 11.825, "eval/samples_per_second": 175.983, "eval/steps_per_second": 11.078, "train/train_runtime": 987.3317, "train/train_samples_per_second": 126.447, "train/train_steps_per_second": 1.975, "train/total_flos": 1.2623866172291727e+18, "train/train_loss": 1.1207897944328113, "_wandb": {"runtime": 990}}