{"train/loss": 1.5222, "train/learning_rate": 0.0, "train/epoch": 15.0, "train/global_step": 1950, "_timestamp": 1679441447.628865, "_runtime": 998.0557489395142, "_step": 210, "eval/loss": 1.8759976625442505, "eval/accuracy": 0.7520422873618453, "eval/f1": 0.7520422873618453, "eval/precision": 0.7520422873618453, "eval/recall": 0.7520422873618453, "eval/runtime": 11.743, "eval/samples_per_second": 177.212, "eval/steps_per_second": 11.156, "train/train_runtime": 994.0837, "train/train_samples_per_second": 125.588, "train/train_steps_per_second": 1.962, "train/total_flos": 1.2970342403591086e+18, "train/train_loss": 1.9575824316954002, "_wandb": {"runtime": 997}}