{"train/loss": 3.6352, "train/learning_rate": 2.0512820512820512e-05, "train/epoch": 0.61, "train/global_step": 80, "_timestamp": 1679433518.537147, "_runtime": 109.80235004425049, "_step": 7, "_wandb": {"runtime": 118}}