{"train/loss": 0.4085, "train/learning_rate": 0.0, "train/epoch": 15.0, "train/global_step": 1950, "_timestamp": 1679577508.0679355, "_runtime": 2260.808867454529, "_step": 210, "eval/loss": 0.9976723790168762, "eval/accuracy": 0.699663623258049, "eval/f1": 0.2271372701106199, "eval/precision": 0.3098228692672205, "eval/recall": 0.1987879672605256, "eval/runtime": 16.482, "eval/samples_per_second": 126.259, "eval/steps_per_second": 7.948, "train/train_runtime": 2257.6752, "train/train_samples_per_second": 55.298, "train/train_steps_per_second": 0.864, "train/total_flos": 9.677376429807034e+18, "train/train_loss": 0.8053199263108082, "_wandb": {"runtime": 2261}}