{"train/loss": 3.6246, "train/learning_rate": 7.692307692307694e-07, "train/epoch": 0.08, "train/global_step": 10, "_timestamp": 1678295202.6791668, "_runtime": 27.79015588760376, "_step": 0}